name,comment,price1,price2,price3,pricetext
Agoda,Free cancellation until 1 Mar·,"THB 1,415","THB 1,415","THB 1,415",Total per night
Agoda,Free cancellation until 1 Mar·,"THB 1,415","THB 1,415","THB 1,415",Total per night
Trip.com,2 guests·,"THB 1,384","THB 1,384","THB 1,384",Total per night
Agoda,Free cancellation until 1 Mar·,"THB 1,415","THB 1,415","THB 1,415",Total per night
Trip.com,2 guests·,"THB 1,384","THB 1,384","THB 1,384",Total per night
Tinidee Hotel Bangkok Golf Club,2 guests·,"THB 1,200","THB 1,200","THB 1,200",Total per night
Agoda,Free cancellation until 1 Mar·,"THB 1,415","THB 1,415","THB 1,415",Total per night
Trip.com,2 guests·,"THB 1,384","THB 1,384","THB 1,384",Total per night
Tinidee Hotel Bangkok Golf Club,2 guests·,"THB 1,200","THB 1,200","THB 1,200",Total per night
Booking.com,Free cancellation until 29 Feb·,"THB 1,424","THB 1,424","THB 1,424",Total per night
Agoda,Free cancellation until 1 Mar·,"THB 1,415","THB 1,415","THB 1,415",Total per night
Trip.com,2 guests·,"THB 1,384","THB 1,384","THB 1,384",Total per night
Tinidee Hotel Bangkok Golf Club,2 guests·,"THB 1,200","THB 1,200","THB 1,200",Total per night
Booking.com,Free cancellation until 29 Feb·,"THB 1,424","THB 1,424","THB 1,424",Total per night
Tinidee Hotel Bangkok Golf Club,2 guests·,"THB 1,200","THB 1,200","THB 1,200",Total per night
Agoda,Free cancellation until 1 Mar·,"THB 1,415","THB 1,415","THB 1,415",Total per night
Trip.com,2 guests·,"THB 1,384","THB 1,384","THB 1,384",Total per night
Tinidee Hotel Bangkok Golf Club,2 guests·,"THB 1,200","THB 1,200","THB 1,200",Total per night
Booking.com,Free cancellation until 29 Feb·,"THB 1,424","THB 1,424","THB 1,424",Total per night
Tinidee Hotel Bangkok Golf Club,2 guests·,"THB 1,200","THB 1,200","THB 1,200",Total per night
Expedia.co.th,Free cancellation until 1 Mar·,"THB 1,351","THB 1,351","THB 1,351",Total per night
Agoda,Free cancellation until 1 Mar·,"THB 1,415","THB 1,415","THB 1,415",Total per night
Trip.com,2 guests·,"THB 1,384","THB 1,384","THB 1,384",Total per night
Tinidee Hotel Bangkok Golf Club,2 guests·,"THB 1,200","THB 1,200","THB 1,200",Total per night
Booking.com,Free cancellation until 29 Feb·,"THB 1,424","THB 1,424","THB 1,424",Total per night
Tinidee Hotel Bangkok Golf Club,2 guests·,"THB 1,200","THB 1,200","THB 1,200",Total per night
Expedia.co.th,Free cancellation until 1 Mar·,"THB 1,351","THB 1,351","THB 1,351",Total per night
Trip.com,Best rate·,"THB 1,384","THB 1,384","THB 1,384","THB 1,387 with taxes + fees"
Agoda,Free cancellation until 1 Mar·,"THB 1,415","THB 1,415","THB 1,415",Total per night
Trip.com,2 guests·,"THB 1,384","THB 1,384","THB 1,384",Total per night
Tinidee Hotel Bangkok Golf Club,2 guests·,"THB 1,200","THB 1,200","THB 1,200",Total per night
Booking.com,Free cancellation until 29 Feb·,"THB 1,424","THB 1,424","THB 1,424",Total per night
Tinidee Hotel Bangkok Golf Club,2 guests·,"THB 1,200","THB 1,200","THB 1,200",Total per night
Expedia.co.th,Free cancellation until 1 Mar·,"THB 1,351","THB 1,351","THB 1,351",Total per night
Trip.com,Best rate·,"THB 1,384","THB 1,384","THB 1,384","THB 1,387 with taxes + fees"
Agoda,Free cancellation until 1 Mar·,"THB 1,415","THB 1,415","THB 1,415",Total per night
Agoda,Free cancellation until 1 Mar·,"THB 1,415","THB 1,415","THB 1,415",Total per night
Trip.com,2 guests·,"THB 1,384","THB 1,384","THB 1,384",Total per night
Tinidee Hotel Bangkok Golf Club,2 guests·,"THB 1,200","THB 1,200","THB 1,200",Total per night
Booking.com,Free cancellation until 29 Feb·,"THB 1,424","THB 1,424","THB 1,424",Total per night
Tinidee Hotel Bangkok Golf Club,2 guests·,"THB 1,200","THB 1,200","THB 1,200",Total per night
Expedia.co.th,Free cancellation until 1 Mar·,"THB 1,351","THB 1,351","THB 1,351",Total per night
Trip.com,Best rate·,"THB 1,384","THB 1,384","THB 1,384","THB 1,387 with taxes + fees"
Agoda,Free cancellation until 1 Mar·,"THB 1,415","THB 1,415","THB 1,415",Total per night
Tinidee Hotel Bangkok Golf Club,2 guests·,"THB 1,200","THB 1,200","THB 1,200",Total per night
Agoda,Free cancellation until 1 Mar·,"THB 1,415","THB 1,415","THB 1,415",Total per night
Trip.com,2 guests·,"THB 1,384","THB 1,384","THB 1,384",Total per night
Tinidee Hotel Bangkok Golf Club,2 guests·,"THB 1,200","THB 1,200","THB 1,200",Total per night
Booking.com,Free cancellation until 29 Feb·,"THB 1,424","THB 1,424","THB 1,424",Total per night
Tinidee Hotel Bangkok Golf Club,2 guests·,"THB 1,200","THB 1,200","THB 1,200",Total per night
Expedia.co.th,Free cancellation until 1 Mar·,"THB 1,351","THB 1,351","THB 1,351",Total per night
Trip.com,Best rate·,"THB 1,384","THB 1,384","THB 1,384","THB 1,387 with taxes + fees"
Agoda,Free cancellation until 1 Mar·,"THB 1,415","THB 1,415","THB 1,415",Total per night
Tinidee Hotel Bangkok Golf Club,2 guests·,"THB 1,200","THB 1,200","THB 1,200",Total per night
Booking.com,Free cancellation until 29 Feb·,"THB 1,424","THB 1,424","THB 1,424",Total per night
Agoda,Free cancellation until 1 Mar·,"THB 1,415","THB 1,415","THB 1,415",Total per night
Trip.com,2 guests·,"THB 1,384","THB 1,384","THB 1,384",Total per night
Tinidee Hotel Bangkok Golf Club,2 guests·,"THB 1,200","THB 1,200","THB 1,200",Total per night
Booking.com,Free cancellation until 29 Feb·,"THB 1,424","THB 1,424","THB 1,424",Total per night
Tinidee Hotel Bangkok Golf Club,2 guests·,"THB 1,200","THB 1,200","THB 1,200",Total per night
Expedia.co.th,Free cancellation until 1 Mar·,"THB 1,351","THB 1,351","THB 1,351",Total per night
Trip.com,Best rate·,"THB 1,384","THB 1,384","THB 1,384","THB 1,387 with taxes + fees"
Agoda,Free cancellation until 1 Mar·,"THB 1,415","THB 1,415","THB 1,415",Total per night
Tinidee Hotel Bangkok Golf Club,2 guests·,"THB 1,200","THB 1,200","THB 1,200",Total per night
Booking.com,Free cancellation until 29 Feb·,"THB 1,424","THB 1,424","THB 1,424",Total per night
Tinidee Hotel Bangkok Golf Club,2 guests·,"THB 1,200","THB 1,200","THB 1,200",Total per night
Agoda,Free cancellation until 1 Mar·,"THB 1,415","THB 1,415","THB 1,415",Total per night
Trip.com,2 guests·,"THB 1,384","THB 1,384","THB 1,384",Total per night
Tinidee Hotel Bangkok Golf Club,2 guests·,"THB 1,200","THB 1,200","THB 1,200",Total per night
Booking.com,Free cancellation until 29 Feb·,"THB 1,424","THB 1,424","THB 1,424",Total per night
Tinidee Hotel Bangkok Golf Club,2 guests·,"THB 1,200","THB 1,200","THB 1,200",Total per night
Expedia.co.th,Free cancellation until 1 Mar·,"THB 1,351","THB 1,351","THB 1,351",Total per night
Trip.com,Best rate·,"THB 1,384","THB 1,384","THB 1,384","THB 1,387 with taxes + fees"
Agoda,Free cancellation until 1 Mar·,"THB 1,415","THB 1,415","THB 1,415",Total per night
Tinidee Hotel Bangkok Golf Club,2 guests·,"THB 1,200","THB 1,200","THB 1,200",Total per night
Booking.com,Free cancellation until 29 Feb·,"THB 1,424","THB 1,424","THB 1,424",Total per night
Tinidee Hotel Bangkok Golf Club,2 guests·,"THB 1,200","THB 1,200","THB 1,200",Total per night
Expedia.co.th,Free cancellation until 1 Mar·,"THB 1,351","THB 1,351","THB 1,351",Total per night
Agoda,Free cancellation until 1 Mar·,"THB 1,415","THB 1,415","THB 1,415",Total per night
Trip.com,2 guests·,"THB 1,384","THB 1,384","THB 1,384",Total per night
Tinidee Hotel Bangkok Golf Club,2 guests·,"THB 1,200","THB 1,200","THB 1,200",Total per night
Booking.com,Free cancellation until 29 Feb·,"THB 1,424","THB 1,424","THB 1,424",Total per night
Tinidee Hotel Bangkok Golf Club,2 guests·,"THB 1,200","THB 1,200","THB 1,200",Total per night
Expedia.co.th,Free cancellation until 1 Mar·,"THB 1,351","THB 1,351","THB 1,351",Total per night
Trip.com,Best rate·,"THB 1,384","THB 1,384","THB 1,384","THB 1,387 with taxes + fees"
Agoda,Free cancellation until 1 Mar·,"THB 1,415","THB 1,415","THB 1,415",Total per night
Tinidee Hotel Bangkok Golf Club,2 guests·,"THB 1,200","THB 1,200","THB 1,200",Total per night
Booking.com,Free cancellation until 29 Feb·,"THB 1,424","THB 1,424","THB 1,424",Total per night
Tinidee Hotel Bangkok Golf Club,2 guests·,"THB 1,200","THB 1,200","THB 1,200",Total per night
Expedia.co.th,Free cancellation until 1 Mar·,"THB 1,351","THB 1,351","THB 1,351",Total per night
Tripadvisor.com,Free cancellation until 2 Mar·,"THB 1,305","THB 1,305","THB 1,305",Total per night
Agoda,Free cancellation until 1 Mar·,"THB 1,415","THB 1,415","THB 1,415",Total per night
Trip.com,2 guests·,"THB 1,384","THB 1,384","THB 1,384",Total per night
Tinidee Hotel Bangkok Golf Club,2 guests·,"THB 1,200","THB 1,200","THB 1,200",Total per night
Booking.com,Free cancellation until 29 Feb·,"THB 1,424","THB 1,424","THB 1,424",Total per night
Tinidee Hotel Bangkok Golf Club,2 guests·,"THB 1,200","THB 1,200","THB 1,200",Total per night
Expedia.co.th,Free cancellation until 1 Mar·,"THB 1,351","THB 1,351","THB 1,351",Total per night
Trip.com,Best rate·,"THB 1,384","THB 1,384","THB 1,384","THB 1,387 with taxes + fees"
Agoda,Free cancellation until 1 Mar·,"THB 1,415","THB 1,415","THB 1,415",Total per night
Tinidee Hotel Bangkok Golf Club,2 guests·,"THB 1,200","THB 1,200","THB 1,200",Total per night
Booking.com,Free cancellation until 29 Feb·,"THB 1,424","THB 1,424","THB 1,424",Total per night
Tinidee Hotel Bangkok Golf Club,2 guests·,"THB 1,200","THB 1,200","THB 1,200",Total per night
Expedia.co.th,Free cancellation until 1 Mar·,"THB 1,351","THB 1,351","THB 1,351",Total per night
Tripadvisor.com,Free cancellation until 2 Mar·,"THB 1,305","THB 1,305","THB 1,305",Total per night
Tiket.com,2 guests·,"THB 1,367","THB 1,367","THB 1,367",Total per night
Agoda,Free cancellation until 1 Mar·,"THB 1,415","THB 1,415","THB 1,415",Total per night
Trip.com,2 guests·,"THB 1,384","THB 1,384","THB 1,384",Total per night
Tinidee Hotel Bangkok Golf Club,2 guests·,"THB 1,200","THB 1,200","THB 1,200",Total per night
Booking.com,Free cancellation until 29 Feb·,"THB 1,424","THB 1,424","THB 1,424",Total per night
Tinidee Hotel Bangkok Golf Club,2 guests·,"THB 1,200","THB 1,200","THB 1,200",Total per night
Expedia.co.th,Free cancellation until 1 Mar·,"THB 1,351","THB 1,351","THB 1,351",Total per night
Trip.com,Best rate·,"THB 1,384","THB 1,384","THB 1,384","THB 1,387 with taxes + fees"
Agoda,Free cancellation until 1 Mar·,"THB 1,415","THB 1,415","THB 1,415",Total per night
Tinidee Hotel Bangkok Golf Club,2 guests·,"THB 1,200","THB 1,200","THB 1,200",Total per night
Booking.com,Free cancellation until 29 Feb·,"THB 1,424","THB 1,424","THB 1,424",Total per night
Tinidee Hotel Bangkok Golf Club,2 guests·,"THB 1,200","THB 1,200","THB 1,200",Total per night
Expedia.co.th,Free cancellation until 1 Mar·,"THB 1,351","THB 1,351","THB 1,351",Total per night
Tripadvisor.com,Free cancellation until 2 Mar·,"THB 1,305","THB 1,305","THB 1,305",Total per night
Tiket.com,2 guests·,"THB 1,367","THB 1,367","THB 1,367",Total per night
HomeToGo,2 guests·,"THB 1,265","THB 1,265","THB 1,265",Total per night
Agoda,Free cancellation until 1 Mar·,"THB 1,415","THB 1,415","THB 1,415",Total per night
Trip.com,2 guests·,"THB 1,384","THB 1,384","THB 1,384",Total per night
Tinidee Hotel Bangkok Golf Club,2 guests·,"THB 1,200","THB 1,200","THB 1,200",Total per night
Booking.com,Free cancellation until 29 Feb·,"THB 1,424","THB 1,424","THB 1,424",Total per night
Tinidee Hotel Bangkok Golf Club,2 guests·,"THB 1,200","THB 1,200","THB 1,200",Total per night
Expedia.co.th,Free cancellation until 1 Mar·,"THB 1,351","THB 1,351","THB 1,351",Total per night
Trip.com,Best rate·,"THB 1,384","THB 1,384","THB 1,384","THB 1,387 with taxes + fees"
Agoda,Free cancellation until 1 Mar·,"THB 1,415","THB 1,415","THB 1,415",Total per night
Tinidee Hotel Bangkok Golf Club,2 guests·,"THB 1,200","THB 1,200","THB 1,200",Total per night
Booking.com,Free cancellation until 29 Feb·,"THB 1,424","THB 1,424","THB 1,424",Total per night
Tinidee Hotel Bangkok Golf Club,2 guests·,"THB 1,200","THB 1,200","THB 1,200",Total per night
Expedia.co.th,Free cancellation until 1 Mar·,"THB 1,351","THB 1,351","THB 1,351",Total per night
Tripadvisor.com,Free cancellation until 2 Mar·,"THB 1,305","THB 1,305","THB 1,305",Total per night
Tiket.com,2 guests·,"THB 1,367","THB 1,367","THB 1,367",Total per night
HomeToGo,2 guests·,"THB 1,265","THB 1,265","THB 1,265",Total per night
Booking.com,2 guests·,"THB 1,421","THB 1,421","THB 1,421",Total per night
Agoda,Free cancellation until 1 Mar·,"THB 1,415","THB 1,415","THB 1,415",Total per night
Trip.com,2 guests·,"THB 1,384","THB 1,384","THB 1,384",Total per night
Tinidee Hotel Bangkok Golf Club,2 guests·,"THB 1,200","THB 1,200","THB 1,200",Total per night
Booking.com,Free cancellation until 29 Feb·,"THB 1,424","THB 1,424","THB 1,424",Total per night
Tinidee Hotel Bangkok Golf Club,2 guests·,"THB 1,200","THB 1,200","THB 1,200",Total per night
Expedia.co.th,Free cancellation until 1 Mar·,"THB 1,351","THB 1,351","THB 1,351",Total per night
Trip.com,Best rate·,"THB 1,384","THB 1,384","THB 1,384","THB 1,387 with taxes + fees"
Agoda,Free cancellation until 1 Mar·,"THB 1,415","THB 1,415","THB 1,415",Total per night
Tinidee Hotel Bangkok Golf Club,2 guests·,"THB 1,200","THB 1,200","THB 1,200",Total per night
Booking.com,Free cancellation until 29 Feb·,"THB 1,424","THB 1,424","THB 1,424",Total per night
Tinidee Hotel Bangkok Golf Club,2 guests·,"THB 1,200","THB 1,200","THB 1,200",Total per night
Expedia.co.th,Free cancellation until 1 Mar·,"THB 1,351","THB 1,351","THB 1,351",Total per night
Tripadvisor.com,Free cancellation until 2 Mar·,"THB 1,305","THB 1,305","THB 1,305",Total per night
Tiket.com,2 guests·,"THB 1,367","THB 1,367","THB 1,367",Total per night
HomeToGo,2 guests·,"THB 1,265","THB 1,265","THB 1,265",Total per night
Booking.com,2 guests·,"THB 1,421","THB 1,421","THB 1,421",Total per night
Priceline,Free cancellation until 27 Feb·,"THB 1,367","THB 1,367","THB 1,367",Total per night
Agoda,Free cancellation until 1 Mar·,"THB 1,415","THB 1,415","THB 1,415",Total per night
Trip.com,2 guests·,"THB 1,384","THB 1,384","THB 1,384",Total per night
Tinidee Hotel Bangkok Golf Club,2 guests·,"THB 1,200","THB 1,200","THB 1,200",Total per night
Booking.com,Free cancellation until 29 Feb·,"THB 1,424","THB 1,424","THB 1,424",Total per night
Tinidee Hotel Bangkok Golf Club,2 guests·,"THB 1,200","THB 1,200","THB 1,200",Total per night
Expedia.co.th,Free cancellation until 1 Mar·,"THB 1,351","THB 1,351","THB 1,351",Total per night
Trip.com,Best rate·,"THB 1,384","THB 1,384","THB 1,384","THB 1,387 with taxes + fees"
Agoda,Free cancellation until 1 Mar·,"THB 1,415","THB 1,415","THB 1,415",Total per night
Tinidee Hotel Bangkok Golf Club,2 guests·,"THB 1,200","THB 1,200","THB 1,200",Total per night
Booking.com,Free cancellation until 29 Feb·,"THB 1,424","THB 1,424","THB 1,424",Total per night
Tinidee Hotel Bangkok Golf Club,2 guests·,"THB 1,200","THB 1,200","THB 1,200",Total per night
Expedia.co.th,Free cancellation until 1 Mar·,"THB 1,351","THB 1,351","THB 1,351",Total per night
Tripadvisor.com,Free cancellation until 2 Mar·,"THB 1,305","THB 1,305","THB 1,305",Total per night
Tiket.com,2 guests·,"THB 1,367","THB 1,367","THB 1,367",Total per night
HomeToGo,2 guests·,"THB 1,265","THB 1,265","THB 1,265",Total per night
Booking.com,2 guests·,"THB 1,421","THB 1,421","THB 1,421",Total per night
Priceline,Free cancellation until 27 Feb·,"THB 1,367","THB 1,367","THB 1,367",Total per night
Agoda,Free cancellation until 1 Mar·,"THB 1,415","THB 1,415","THB 1,415",Total per night
Agoda,Free cancellation until 1 Mar·,"THB 1,415","THB 1,415","THB 1,415",Total per night
Trip.com,2 guests·,"THB 1,384","THB 1,384","THB 1,384",Total per night
Tinidee Hotel Bangkok Golf Club,2 guests·,"THB 1,200","THB 1,200","THB 1,200",Total per night
Booking.com,Free cancellation until 29 Feb·,"THB 1,424","THB 1,424","THB 1,424",Total per night
Tinidee Hotel Bangkok Golf Club,2 guests·,"THB 1,200","THB 1,200","THB 1,200",Total per night
Expedia.co.th,Free cancellation until 1 Mar·,"THB 1,351","THB 1,351","THB 1,351",Total per night
Trip.com,Best rate·,"THB 1,384","THB 1,384","THB 1,384","THB 1,387 with taxes + fees"
Agoda,Free cancellation until 1 Mar·,"THB 1,415","THB 1,415","THB 1,415",Total per night
Tinidee Hotel Bangkok Golf Club,2 guests·,"THB 1,200","THB 1,200","THB 1,200",Total per night
Booking.com,Free cancellation until 29 Feb·,"THB 1,424","THB 1,424","THB 1,424",Total per night
Tinidee Hotel Bangkok Golf Club,2 guests·,"THB 1,200","THB 1,200","THB 1,200",Total per night
Expedia.co.th,Free cancellation until 1 Mar·,"THB 1,351","THB 1,351","THB 1,351",Total per night
Tripadvisor.com,Free cancellation until 2 Mar·,"THB 1,305","THB 1,305","THB 1,305",Total per night
Tiket.com,2 guests·,"THB 1,367","THB 1,367","THB 1,367",Total per night
HomeToGo,2 guests·,"THB 1,265","THB 1,265","THB 1,265",Total per night
Booking.com,2 guests·,"THB 1,421","THB 1,421","THB 1,421",Total per night
Priceline,Free cancellation until 27 Feb·,"THB 1,367","THB 1,367","THB 1,367",Total per night
Agoda,Free cancellation until 1 Mar·,"THB 1,415","THB 1,415","THB 1,415",Total per night
Hotels.com,Free cancellation until 1 Mar·,"THB 1,351","THB 1,351","THB 1,351",Total per night
Agoda,Free cancellation until 1 Mar·,"THB 1,415","THB 1,415","THB 1,415",Total per night
Trip.com,2 guests·,"THB 1,384","THB 1,384","THB 1,384",Total per night
Tinidee Hotel Bangkok Golf Club,2 guests·,"THB 1,200","THB 1,200","THB 1,200",Total per night
Booking.com,Free cancellation until 29 Feb·,"THB 1,424","THB 1,424","THB 1,424",Total per night
Tinidee Hotel Bangkok Golf Club,2 guests·,"THB 1,200","THB 1,200","THB 1,200",Total per night
Expedia.co.th,Free cancellation until 1 Mar·,"THB 1,351","THB 1,351","THB 1,351",Total per night
Trip.com,Best rate·,"THB 1,384","THB 1,384","THB 1,384","THB 1,387 with taxes + fees"
Agoda,Free cancellation until 1 Mar·,"THB 1,415","THB 1,415","THB 1,415",Total per night
Tinidee Hotel Bangkok Golf Club,2 guests·,"THB 1,200","THB 1,200","THB 1,200",Total per night
Booking.com,Free cancellation until 29 Feb·,"THB 1,424","THB 1,424","THB 1,424",Total per night
Tinidee Hotel Bangkok Golf Club,2 guests·,"THB 1,200","THB 1,200","THB 1,200",Total per night
Expedia.co.th,Free cancellation until 1 Mar·,"THB 1,351","THB 1,351","THB 1,351",Total per night
Tripadvisor.com,Free cancellation until 2 Mar·,"THB 1,305","THB 1,305","THB 1,305",Total per night
Tiket.com,2 guests·,"THB 1,367","THB 1,367","THB 1,367",Total per night
HomeToGo,2 guests·,"THB 1,265","THB 1,265","THB 1,265",Total per night
Booking.com,2 guests·,"THB 1,421","THB 1,421","THB 1,421",Total per night
Priceline,Free cancellation until 27 Feb·,"THB 1,367","THB 1,367","THB 1,367",Total per night
Agoda,Free cancellation until 1 Mar·,"THB 1,415","THB 1,415","THB 1,415",Total per night
Hotels.com,Free cancellation until 1 Mar·,"THB 1,351","THB 1,351","THB 1,351",Total per night
Skyscanner,2 guests·,"THB 1,305","THB 1,305","THB 1,305",Total per night
Agoda,Free cancellation until 1 Mar·,"THB 1,415","THB 1,415","THB 1,415",Total per night
Trip.com,2 guests·,"THB 1,384","THB 1,384","THB 1,384",Total per night
Tinidee Hotel Bangkok Golf Club,2 guests·,"THB 1,200","THB 1,200","THB 1,200",Total per night
Booking.com,Free cancellation until 29 Feb·,"THB 1,424","THB 1,424","THB 1,424",Total per night
Tinidee Hotel Bangkok Golf Club,2 guests·,"THB 1,200","THB 1,200","THB 1,200",Total per night
Expedia.co.th,Free cancellation until 1 Mar·,"THB 1,351","THB 1,351","THB 1,351",Total per night
Trip.com,Best rate·,"THB 1,384","THB 1,384","THB 1,384","THB 1,387 with taxes + fees"
Agoda,Free cancellation until 1 Mar·,"THB 1,415","THB 1,415","THB 1,415",Total per night
Tinidee Hotel Bangkok Golf Club,2 guests·,"THB 1,200","THB 1,200","THB 1,200",Total per night
Booking.com,Free cancellation until 29 Feb·,"THB 1,424","THB 1,424","THB 1,424",Total per night
Tinidee Hotel Bangkok Golf Club,2 guests·,"THB 1,200","THB 1,200","THB 1,200",Total per night
Expedia.co.th,Free cancellation until 1 Mar·,"THB 1,351","THB 1,351","THB 1,351",Total per night
Tripadvisor.com,Free cancellation until 2 Mar·,"THB 1,305","THB 1,305","THB 1,305",Total per night
Tiket.com,2 guests·,"THB 1,367","THB 1,367","THB 1,367",Total per night
HomeToGo,2 guests·,"THB 1,265","THB 1,265","THB 1,265",Total per night
Booking.com,2 guests·,"THB 1,421","THB 1,421","THB 1,421",Total per night
Priceline,Free cancellation until 27 Feb·,"THB 1,367","THB 1,367","THB 1,367",Total per night
Agoda,Free cancellation until 1 Mar·,"THB 1,415","THB 1,415","THB 1,415",Total per night
Hotels.com,Free cancellation until 1 Mar·,"THB 1,351","THB 1,351","THB 1,351",Total per night
Skyscanner,2 guests·,"THB 1,305","THB 1,305","THB 1,305",Total per night
Musetrip,2 guests·,"THB 1,502","THB 1,502","THB 1,502",Total per night
Agoda,Free cancellation until 1 Mar·,"THB 1,415","THB 1,415","THB 1,415",Total per night
Trip.com,2 guests·,"THB 1,384","THB 1,384","THB 1,384",Total per night
Tinidee Hotel Bangkok Golf Club,2 guests·,"THB 1,200","THB 1,200","THB 1,200",Total per night
Booking.com,Free cancellation until 29 Feb·,"THB 1,424","THB 1,424","THB 1,424",Total per night
Tinidee Hotel Bangkok Golf Club,2 guests·,"THB 1,200","THB 1,200","THB 1,200",Total per night
Expedia.co.th,Free cancellation until 1 Mar·,"THB 1,351","THB 1,351","THB 1,351",Total per night
Trip.com,Best rate·,"THB 1,384","THB 1,384","THB 1,384","THB 1,387 with taxes + fees"
Agoda,Free cancellation until 1 Mar·,"THB 1,415","THB 1,415","THB 1,415",Total per night
Tinidee Hotel Bangkok Golf Club,2 guests·,"THB 1,200","THB 1,200","THB 1,200",Total per night
Booking.com,Free cancellation until 29 Feb·,"THB 1,424","THB 1,424","THB 1,424",Total per night
Tinidee Hotel Bangkok Golf Club,2 guests·,"THB 1,200","THB 1,200","THB 1,200",Total per night
Expedia.co.th,Free cancellation until 1 Mar·,"THB 1,351","THB 1,351","THB 1,351",Total per night
Tripadvisor.com,Free cancellation until 2 Mar·,"THB 1,305","THB 1,305","THB 1,305",Total per night
Tiket.com,2 guests·,"THB 1,367","THB 1,367","THB 1,367",Total per night
HomeToGo,2 guests·,"THB 1,265","THB 1,265","THB 1,265",Total per night
Booking.com,2 guests·,"THB 1,421","THB 1,421","THB 1,421",Total per night
Priceline,Free cancellation until 27 Feb·,"THB 1,367","THB 1,367","THB 1,367",Total per night
Agoda,Free cancellation until 1 Mar·,"THB 1,415","THB 1,415","THB 1,415",Total per night
Hotels.com,Free cancellation until 1 Mar·,"THB 1,351","THB 1,351","THB 1,351",Total per night
Skyscanner,2 guests·,"THB 1,305","THB 1,305","THB 1,305",Total per night
Musetrip,2 guests·,"THB 1,502","THB 1,502","THB 1,502",Total per night
Trip.com,2 guests·,"THB 1,384","THB 1,384","THB 1,384",Total per night
Agoda,Free cancellation until 1 Mar·,"THB 1,415","THB 1,415","THB 1,415",Total per night
Trip.com,2 guests·,"THB 1,384","THB 1,384","THB 1,384",Total per night
Tinidee Hotel Bangkok Golf Club,2 guests·,"THB 1,200","THB 1,200","THB 1,200",Total per night
Booking.com,Free cancellation until 29 Feb·,"THB 1,424","THB 1,424","THB 1,424",Total per night
Tinidee Hotel Bangkok Golf Club,2 guests·,"THB 1,200","THB 1,200","THB 1,200",Total per night
Expedia.co.th,Free cancellation until 1 Mar·,"THB 1,351","THB 1,351","THB 1,351",Total per night
Trip.com,Best rate·,"THB 1,384","THB 1,384","THB 1,384","THB 1,387 with taxes + fees"
Agoda,Free cancellation until 1 Mar·,"THB 1,415","THB 1,415","THB 1,415",Total per night
Tinidee Hotel Bangkok Golf Club,2 guests·,"THB 1,200","THB 1,200","THB 1,200",Total per night
Booking.com,Free cancellation until 29 Feb·,"THB 1,424","THB 1,424","THB 1,424",Total per night
Tinidee Hotel Bangkok Golf Club,2 guests·,"THB 1,200","THB 1,200","THB 1,200",Total per night
Expedia.co.th,Free cancellation until 1 Mar·,"THB 1,351","THB 1,351","THB 1,351",Total per night
Tripadvisor.com,Free cancellation until 2 Mar·,"THB 1,305","THB 1,305","THB 1,305",Total per night
Tiket.com,2 guests·,"THB 1,367","THB 1,367","THB 1,367",Total per night
HomeToGo,2 guests·,"THB 1,265","THB 1,265","THB 1,265",Total per night
Booking.com,2 guests·,"THB 1,421","THB 1,421","THB 1,421",Total per night
Priceline,Free cancellation until 27 Feb·,"THB 1,367","THB 1,367","THB 1,367",Total per night
Agoda,Free cancellation until 1 Mar·,"THB 1,415","THB 1,415","THB 1,415",Total per night
Hotels.com,Free cancellation until 1 Mar·,"THB 1,351","THB 1,351","THB 1,351",Total per night
Skyscanner,2 guests·,"THB 1,305","THB 1,305","THB 1,305",Total per night
Musetrip,2 guests·,"THB 1,502","THB 1,502","THB 1,502",Total per night
Trip.com,2 guests·,"THB 1,384","THB 1,384","THB 1,384",Total per night
KLOOK,Free cancellation until 1 Mar·,"THB 1,412","THB 1,412","THB 1,412",Total per night
Agoda,Free cancellation until 1 Mar·,"THB 1,415","THB 1,415","THB 1,415",Total per night
Trip.com,2 guests·,"THB 1,384","THB 1,384","THB 1,384",Total per night
Tinidee Hotel Bangkok Golf Club,2 guests·,"THB 1,200","THB 1,200","THB 1,200",Total per night
Booking.com,Free cancellation until 29 Feb·,"THB 1,424","THB 1,424","THB 1,424",Total per night
Tinidee Hotel Bangkok Golf Club,2 guests·,"THB 1,200","THB 1,200","THB 1,200",Total per night
Expedia.co.th,Free cancellation until 1 Mar·,"THB 1,351","THB 1,351","THB 1,351",Total per night
Trip.com,Best rate·,"THB 1,384","THB 1,384","THB 1,384","THB 1,387 with taxes + fees"
Agoda,Free cancellation until 1 Mar·,"THB 1,415","THB 1,415","THB 1,415",Total per night
Tinidee Hotel Bangkok Golf Club,2 guests·,"THB 1,200","THB 1,200","THB 1,200",Total per night
Booking.com,Free cancellation until 29 Feb·,"THB 1,424","THB 1,424","THB 1,424",Total per night
Tinidee Hotel Bangkok Golf Club,2 guests·,"THB 1,200","THB 1,200","THB 1,200",Total per night
Expedia.co.th,Free cancellation until 1 Mar·,"THB 1,351","THB 1,351","THB 1,351",Total per night
Tripadvisor.com,Free cancellation until 2 Mar·,"THB 1,305","THB 1,305","THB 1,305",Total per night
Tiket.com,2 guests·,"THB 1,367","THB 1,367","THB 1,367",Total per night
HomeToGo,2 guests·,"THB 1,265","THB 1,265","THB 1,265",Total per night
Booking.com,2 guests·,"THB 1,421","THB 1,421","THB 1,421",Total per night
Priceline,Free cancellation until 27 Feb·,"THB 1,367","THB 1,367","THB 1,367",Total per night
Agoda,Free cancellation until 1 Mar·,"THB 1,415","THB 1,415","THB 1,415",Total per night
Hotels.com,Free cancellation until 1 Mar·,"THB 1,351","THB 1,351","THB 1,351",Total per night
Skyscanner,2 guests·,"THB 1,305","THB 1,305","THB 1,305",Total per night
Musetrip,2 guests·,"THB 1,502","THB 1,502","THB 1,502",Total per night
Trip.com,2 guests·,"THB 1,384","THB 1,384","THB 1,384",Total per night
KLOOK,Free cancellation until 1 Mar·,"THB 1,412","THB 1,412","THB 1,412",Total per night
KAYAK.co.th,Free cancellation until 1 Mar·,"THB 1,412","THB 1,412","THB 1,412",Total per night
Agoda,Free cancellation until 1 Mar·,"THB 1,415","THB 1,415","THB 1,415",Total per night
Trip.com,2 guests·,"THB 1,384","THB 1,384","THB 1,384",Total per night
Tinidee Hotel Bangkok Golf Club,2 guests·,"THB 1,200","THB 1,200","THB 1,200",Total per night
Booking.com,Free cancellation until 29 Feb·,"THB 1,424","THB 1,424","THB 1,424",Total per night
Tinidee Hotel Bangkok Golf Club,2 guests·,"THB 1,200","THB 1,200","THB 1,200",Total per night
Expedia.co.th,Free cancellation until 1 Mar·,"THB 1,351","THB 1,351","THB 1,351",Total per night
Trip.com,Best rate·,"THB 1,384","THB 1,384","THB 1,384","THB 1,387 with taxes + fees"
Agoda,Free cancellation until 1 Mar·,"THB 1,415","THB 1,415","THB 1,415",Total per night
Tinidee Hotel Bangkok Golf Club,2 guests·,"THB 1,200","THB 1,200","THB 1,200",Total per night
Booking.com,Free cancellation until 29 Feb·,"THB 1,424","THB 1,424","THB 1,424",Total per night
Tinidee Hotel Bangkok Golf Club,2 guests·,"THB 1,200","THB 1,200","THB 1,200",Total per night
Expedia.co.th,Free cancellation until 1 Mar·,"THB 1,351","THB 1,351","THB 1,351",Total per night
Tripadvisor.com,Free cancellation until 2 Mar·,"THB 1,305","THB 1,305","THB 1,305",Total per night
Tiket.com,2 guests·,"THB 1,367","THB 1,367","THB 1,367",Total per night
HomeToGo,2 guests·,"THB 1,265","THB 1,265","THB 1,265",Total per night
Booking.com,2 guests·,"THB 1,421","THB 1,421","THB 1,421",Total per night
Priceline,Free cancellation until 27 Feb·,"THB 1,367","THB 1,367","THB 1,367",Total per night
Agoda,Free cancellation until 1 Mar·,"THB 1,415","THB 1,415","THB 1,415",Total per night
Hotels.com,Free cancellation until 1 Mar·,"THB 1,351","THB 1,351","THB 1,351",Total per night
Skyscanner,2 guests·,"THB 1,305","THB 1,305","THB 1,305",Total per night
Musetrip,2 guests·,"THB 1,502","THB 1,502","THB 1,502",Total per night
Trip.com,2 guests·,"THB 1,384","THB 1,384","THB 1,384",Total per night
KLOOK,Free cancellation until 1 Mar·,"THB 1,412","THB 1,412","THB 1,412",Total per night
KAYAK.co.th,Free cancellation until 1 Mar·,"THB 1,412","THB 1,412","THB 1,412",Total per night
Reserving.com,2 guests·,"THB 1,412","THB 1,412","THB 1,412",Total per night
Agoda,Free cancellation until 1 Mar·,"THB 1,415","THB 1,415","THB 1,415",Total per night
Trip.com,2 guests·,"THB 1,384","THB 1,384","THB 1,384",Total per night
Tinidee Hotel Bangkok Golf Club,2 guests·,"THB 1,200","THB 1,200","THB 1,200",Total per night
Booking.com,Free cancellation until 29 Feb·,"THB 1,424","THB 1,424","THB 1,424",Total per night
Tinidee Hotel Bangkok Golf Club,2 guests·,"THB 1,200","THB 1,200","THB 1,200",Total per night
Expedia.co.th,Free cancellation until 1 Mar·,"THB 1,351","THB 1,351","THB 1,351",Total per night
Trip.com,Best rate·,"THB 1,384","THB 1,384","THB 1,384","THB 1,387 with taxes + fees"
Agoda,Free cancellation until 1 Mar·,"THB 1,415","THB 1,415","THB 1,415",Total per night
Tinidee Hotel Bangkok Golf Club,2 guests·,"THB 1,200","THB 1,200","THB 1,200",Total per night
Booking.com,Free cancellation until 29 Feb·,"THB 1,424","THB 1,424","THB 1,424",Total per night
Tinidee Hotel Bangkok Golf Club,2 guests·,"THB 1,200","THB 1,200","THB 1,200",Total per night
Expedia.co.th,Free cancellation until 1 Mar·,"THB 1,351","THB 1,351","THB 1,351",Total per night
Tripadvisor.com,Free cancellation until 2 Mar·,"THB 1,305","THB 1,305","THB 1,305",Total per night
Tiket.com,2 guests·,"THB 1,367","THB 1,367","THB 1,367",Total per night
HomeToGo,2 guests·,"THB 1,265","THB 1,265","THB 1,265",Total per night
Booking.com,2 guests·,"THB 1,421","THB 1,421","THB 1,421",Total per night
Priceline,Free cancellation until 27 Feb·,"THB 1,367","THB 1,367","THB 1,367",Total per night
Agoda,Free cancellation until 1 Mar·,"THB 1,415","THB 1,415","THB 1,415",Total per night
Hotels.com,Free cancellation until 1 Mar·,"THB 1,351","THB 1,351","THB 1,351",Total per night
Skyscanner,2 guests·,"THB 1,305","THB 1,305","THB 1,305",Total per night
Musetrip,2 guests·,"THB 1,502","THB 1,502","THB 1,502",Total per night
Trip.com,2 guests·,"THB 1,384","THB 1,384","THB 1,384",Total per night
KLOOK,Free cancellation until 1 Mar·,"THB 1,412","THB 1,412","THB 1,412",Total per night
KAYAK.co.th,Free cancellation until 1 Mar·,"THB 1,412","THB 1,412","THB 1,412",Total per night
Reserving.com,2 guests·,"THB 1,412","THB 1,412","THB 1,412",Total per night
Traveloka.com,Free cancellation until 29 Feb·,"THB 1,436","THB 1,436","THB 1,436",Total per night
Agoda,Free cancellation until 1 Mar·,"THB 1,415","THB 1,415","THB 1,415",Total per night
Trip.com,2 guests·,"THB 1,384","THB 1,384","THB 1,384",Total per night
Tinidee Hotel Bangkok Golf Club,2 guests·,"THB 1,200","THB 1,200","THB 1,200",Total per night
Booking.com,Free cancellation until 29 Feb·,"THB 1,424","THB 1,424","THB 1,424",Total per night
Tinidee Hotel Bangkok Golf Club,2 guests·,"THB 1,200","THB 1,200","THB 1,200",Total per night
Expedia.co.th,Free cancellation until 1 Mar·,"THB 1,351","THB 1,351","THB 1,351",Total per night
Trip.com,Best rate·,"THB 1,384","THB 1,384","THB 1,384","THB 1,387 with taxes + fees"
Agoda,Free cancellation until 1 Mar·,"THB 1,415","THB 1,415","THB 1,415",Total per night
Tinidee Hotel Bangkok Golf Club,2 guests·,"THB 1,200","THB 1,200","THB 1,200",Total per night
Booking.com,Free cancellation until 29 Feb·,"THB 1,424","THB 1,424","THB 1,424",Total per night
Tinidee Hotel Bangkok Golf Club,2 guests·,"THB 1,200","THB 1,200","THB 1,200",Total per night
Expedia.co.th,Free cancellation until 1 Mar·,"THB 1,351","THB 1,351","THB 1,351",Total per night
Tripadvisor.com,Free cancellation until 2 Mar·,"THB 1,305","THB 1,305","THB 1,305",Total per night
Tiket.com,2 guests·,"THB 1,367","THB 1,367","THB 1,367",Total per night
HomeToGo,2 guests·,"THB 1,265","THB 1,265","THB 1,265",Total per night
Booking.com,2 guests·,"THB 1,421","THB 1,421","THB 1,421",Total per night
Priceline,Free cancellation until 27 Feb·,"THB 1,367","THB 1,367","THB 1,367",Total per night
Agoda,Free cancellation until 1 Mar·,"THB 1,415","THB 1,415","THB 1,415",Total per night
Hotels.com,Free cancellation until 1 Mar·,"THB 1,351","THB 1,351","THB 1,351",Total per night
Skyscanner,2 guests·,"THB 1,305","THB 1,305","THB 1,305",Total per night
Musetrip,2 guests·,"THB 1,502","THB 1,502","THB 1,502",Total per night
Trip.com,2 guests·,"THB 1,384","THB 1,384","THB 1,384",Total per night
KLOOK,Free cancellation until 1 Mar·,"THB 1,412","THB 1,412","THB 1,412",Total per night
KAYAK.co.th,Free cancellation until 1 Mar·,"THB 1,412","THB 1,412","THB 1,412",Total per night
Reserving.com,2 guests·,"THB 1,412","THB 1,412","THB 1,412",Total per night
Traveloka.com,Free cancellation until 29 Feb·,"THB 1,436","THB 1,436","THB 1,436",Total per night
Hotelscombined.co.th,Free cancellation until 1 Mar·,"THB 1,412","THB 1,412","THB 1,412",Total per night
Agoda,Free cancellation until 1 Mar·,"THB 1,415","THB 1,415","THB 1,415",Total per night
Trip.com,2 guests·,"THB 1,384","THB 1,384","THB 1,384",Total per night
Tinidee Hotel Bangkok Golf Club,2 guests·,"THB 1,200","THB 1,200","THB 1,200",Total per night
Booking.com,Free cancellation until 29 Feb·,"THB 1,424","THB 1,424","THB 1,424",Total per night
Tinidee Hotel Bangkok Golf Club,2 guests·,"THB 1,200","THB 1,200","THB 1,200",Total per night
Expedia.co.th,Free cancellation until 1 Mar·,"THB 1,351","THB 1,351","THB 1,351",Total per night
Trip.com,Best rate·,"THB 1,384","THB 1,384","THB 1,384","THB 1,387 with taxes + fees"
Agoda,Free cancellation until 1 Mar·,"THB 1,415","THB 1,415","THB 1,415",Total per night
Tinidee Hotel Bangkok Golf Club,2 guests·,"THB 1,200","THB 1,200","THB 1,200",Total per night
Booking.com,Free cancellation until 29 Feb·,"THB 1,424","THB 1,424","THB 1,424",Total per night
Tinidee Hotel Bangkok Golf Club,2 guests·,"THB 1,200","THB 1,200","THB 1,200",Total per night
Expedia.co.th,Free cancellation until 1 Mar·,"THB 1,351","THB 1,351","THB 1,351",Total per night
Tripadvisor.com,Free cancellation until 2 Mar·,"THB 1,305","THB 1,305","THB 1,305",Total per night
Tiket.com,2 guests·,"THB 1,367","THB 1,367","THB 1,367",Total per night
HomeToGo,2 guests·,"THB 1,265","THB 1,265","THB 1,265",Total per night
Booking.com,2 guests·,"THB 1,421","THB 1,421","THB 1,421",Total per night
Priceline,Free cancellation until 27 Feb·,"THB 1,367","THB 1,367","THB 1,367",Total per night
Agoda,Free cancellation until 1 Mar·,"THB 1,415","THB 1,415","THB 1,415",Total per night
Hotels.com,Free cancellation until 1 Mar·,"THB 1,351","THB 1,351","THB 1,351",Total per night
Skyscanner,2 guests·,"THB 1,305","THB 1,305","THB 1,305",Total per night
Musetrip,2 guests·,"THB 1,502","THB 1,502","THB 1,502",Total per night
Trip.com,2 guests·,"THB 1,384","THB 1,384","THB 1,384",Total per night
KLOOK,Free cancellation until 1 Mar·,"THB 1,412","THB 1,412","THB 1,412",Total per night
KAYAK.co.th,Free cancellation until 1 Mar·,"THB 1,412","THB 1,412","THB 1,412",Total per night
Reserving.com,2 guests·,"THB 1,412","THB 1,412","THB 1,412",Total per night
Traveloka.com,Free cancellation until 29 Feb·,"THB 1,436","THB 1,436","THB 1,436",Total per night
Hotelscombined.co.th,Free cancellation until 1 Mar·,"THB 1,412","THB 1,412","THB 1,412",Total per night
Tripbtoz,Free cancellation until 1 Mar·,"THB 1,453","THB 1,453","THB 1,453",Total per night
Agoda,Free cancellation until 1 Mar·,"THB 1,415","THB 1,415","THB 1,415",Total per night
Trip.com,2 guests·,"THB 1,384","THB 1,384","THB 1,384",Total per night
Tinidee Hotel Bangkok Golf Club,2 guests·,"THB 1,200","THB 1,200","THB 1,200",Total per night
Booking.com,Free cancellation until 29 Feb·,"THB 1,424","THB 1,424","THB 1,424",Total per night
Tinidee Hotel Bangkok Golf Club,2 guests·,"THB 1,200","THB 1,200","THB 1,200",Total per night
Expedia.co.th,Free cancellation until 1 Mar·,"THB 1,351","THB 1,351","THB 1,351",Total per night
Trip.com,Best rate·,"THB 1,384","THB 1,384","THB 1,384","THB 1,387 with taxes + fees"
Agoda,Free cancellation until 1 Mar·,"THB 1,415","THB 1,415","THB 1,415",Total per night
Tinidee Hotel Bangkok Golf Club,2 guests·,"THB 1,200","THB 1,200","THB 1,200",Total per night
Booking.com,Free cancellation until 29 Feb·,"THB 1,424","THB 1,424","THB 1,424",Total per night
Tinidee Hotel Bangkok Golf Club,2 guests·,"THB 1,200","THB 1,200","THB 1,200",Total per night
Expedia.co.th,Free cancellation until 1 Mar·,"THB 1,351","THB 1,351","THB 1,351",Total per night
Tripadvisor.com,Free cancellation until 2 Mar·,"THB 1,305","THB 1,305","THB 1,305",Total per night
Tiket.com,2 guests·,"THB 1,367","THB 1,367","THB 1,367",Total per night
HomeToGo,2 guests·,"THB 1,265","THB 1,265","THB 1,265",Total per night
Booking.com,2 guests·,"THB 1,421","THB 1,421","THB 1,421",Total per night
Priceline,Free cancellation until 27 Feb·,"THB 1,367","THB 1,367","THB 1,367",Total per night
Agoda,Free cancellation until 1 Mar·,"THB 1,415","THB 1,415","THB 1,415",Total per night
Hotels.com,Free cancellation until 1 Mar·,"THB 1,351","THB 1,351","THB 1,351",Total per night
Skyscanner,2 guests·,"THB 1,305","THB 1,305","THB 1,305",Total per night
Musetrip,2 guests·,"THB 1,502","THB 1,502","THB 1,502",Total per night
Trip.com,2 guests·,"THB 1,384","THB 1,384","THB 1,384",Total per night
KLOOK,Free cancellation until 1 Mar·,"THB 1,412","THB 1,412","THB 1,412",Total per night
KAYAK.co.th,Free cancellation until 1 Mar·,"THB 1,412","THB 1,412","THB 1,412",Total per night
Reserving.com,2 guests·,"THB 1,412","THB 1,412","THB 1,412",Total per night
Traveloka.com,Free cancellation until 29 Feb·,"THB 1,436","THB 1,436","THB 1,436",Total per night
Hotelscombined.co.th,Free cancellation until 1 Mar·,"THB 1,412","THB 1,412","THB 1,412",Total per night
Tripbtoz,Free cancellation until 1 Mar·,"THB 1,453","THB 1,453","THB 1,453",Total per night
ebookers,Free cancellation until 1 Mar·,"THB 1,413","THB 1,413","THB 1,413",Total per night
Agoda,Free cancellation until 1 Mar·,"THB 1,415","THB 1,415","THB 1,415",Total per night
Trip.com,2 guests·,"THB 1,384","THB 1,384","THB 1,384",Total per night
Tinidee Hotel Bangkok Golf Club,2 guests·,"THB 1,200","THB 1,200","THB 1,200",Total per night
Booking.com,Free cancellation until 29 Feb·,"THB 1,424","THB 1,424","THB 1,424",Total per night
Tinidee Hotel Bangkok Golf Club,2 guests·,"THB 1,200","THB 1,200","THB 1,200",Total per night
Expedia.co.th,Free cancellation until 1 Mar·,"THB 1,351","THB 1,351","THB 1,351",Total per night
Trip.com,Best rate·,"THB 1,384","THB 1,384","THB 1,384","THB 1,387 with taxes + fees"
Agoda,Free cancellation until 1 Mar·,"THB 1,415","THB 1,415","THB 1,415",Total per night
Tinidee Hotel Bangkok Golf Club,2 guests·,"THB 1,200","THB 1,200","THB 1,200",Total per night
Booking.com,Free cancellation until 29 Feb·,"THB 1,424","THB 1,424","THB 1,424",Total per night
Tinidee Hotel Bangkok Golf Club,2 guests·,"THB 1,200","THB 1,200","THB 1,200",Total per night
Expedia.co.th,Free cancellation until 1 Mar·,"THB 1,351","THB 1,351","THB 1,351",Total per night
Tripadvisor.com,Free cancellation until 2 Mar·,"THB 1,305","THB 1,305","THB 1,305",Total per night
Tiket.com,2 guests·,"THB 1,367","THB 1,367","THB 1,367",Total per night
HomeToGo,2 guests·,"THB 1,265","THB 1,265","THB 1,265",Total per night
Booking.com,2 guests·,"THB 1,421","THB 1,421","THB 1,421",Total per night
Priceline,Free cancellation until 27 Feb·,"THB 1,367","THB 1,367","THB 1,367",Total per night
Agoda,Free cancellation until 1 Mar·,"THB 1,415","THB 1,415","THB 1,415",Total per night
Hotels.com,Free cancellation until 1 Mar·,"THB 1,351","THB 1,351","THB 1,351",Total per night
Skyscanner,2 guests·,"THB 1,305","THB 1,305","THB 1,305",Total per night
Musetrip,2 guests·,"THB 1,502","THB 1,502","THB 1,502",Total per night
Trip.com,2 guests·,"THB 1,384","THB 1,384","THB 1,384",Total per night
KLOOK,Free cancellation until 1 Mar·,"THB 1,412","THB 1,412","THB 1,412",Total per night
KAYAK.co.th,Free cancellation until 1 Mar·,"THB 1,412","THB 1,412","THB 1,412",Total per night
Reserving.com,2 guests·,"THB 1,412","THB 1,412","THB 1,412",Total per night
Traveloka.com,Free cancellation until 29 Feb·,"THB 1,436","THB 1,436","THB 1,436",Total per night
Hotelscombined.co.th,Free cancellation until 1 Mar·,"THB 1,412","THB 1,412","THB 1,412",Total per night
Tripbtoz,Free cancellation until 1 Mar·,"THB 1,453","THB 1,453","THB 1,453",Total per night
ebookers,Free cancellation until 1 Mar·,"THB 1,413","THB 1,413","THB 1,413",Total per night
hutchgo (Hutchison Travel Limited),2 guests·,"THB 1,409","THB 1,409","THB 1,409",Total per night
